guide_name,guide_seq,dna_seq,label
VEGFA_site1,GGGTGGGGGGAGTTTGCTCC,GGGTGGGGGGAGTTTGCTCC,1
VEGFA_site1,GGGTGGGGGGAGTTTGCTCC,GAGTGGGGGGAGTTTGCTCC,1
VEGFA_site1,GGGTGGGGGGAGTTTGCTCC,GGGTGGGGGGAGTTTGCTCA,1
VEGFA_site1,GGGTGGGGGGAGTTTGCTCC,GGGTGGGGGCAGTTTGCTCC,1
VEGFA_site1,GGGTGGGGGGAGTTTGCTCC,AGGTGGGGGGAGTTTGCTCC,1
VEGFA_site1,GGGTGGGGGGAGTTTGCTCC,GGGTGGGGGGAGTATGCTCC,0
VEGFA_site1,GGGTGGGGGGAGTTTGCTCC,GCGTGGGGGGAGTTTGCTCC,0
VEGFA_site1,GGGTGGGGGGAGTTTGCTCC,GGGTGGGGGGAGTTTGCACC,0
VEGFA_site2,GACCCCCTCCACCCCGCCTC,GACCCCCTCCACCCCGCCTC,1
VEGFA_site2,GACCCCCTCCACCCCGCCTC,AACCCCCTCCACCCCGCCTC,1
VEGFA_site2,GACCCCCTCCACCCCGCCTC,GACCCCCTCCACCCCGCATC,0
VEGFA_site2,GACCCCCTCCACCCCGCCTC,GACCCCCACCACCCCGCCTC,0
VEGFA_site2,GACCCCCTCCACCCCGCCTC,GACCCCCTCCACCCCACCTC,0
VEGFA_site2,GACCCCCTCCACCCCGCCTC,GACCCCCTCCGCCCCGCCTC,0
VEGFA_site3,GGTGAGTGAGTGTGTGCGTG,GGTGAGTGAGTGTGTGCGTG,1
VEGFA_site3,GGTGAGTGAGTGTGTGCGTG,AGTGAGTGAGTGTGTGCGTG,1
VEGFA_site3,GGTGAGTGAGTGTGTGCGTG,GGTGAGTGAGTGTGAGCGTG,1
VEGFA_site3,GGTGAGTGAGTGTGTGCGTG,GGTGAGTGAGTGTGTGCATG,0
VEGFA_site3,GGTGAGTGAGTGTGTGCGTG,GGTGAGTGAGTGTGTACGTG,0
VEGFA_site3,GGTGAGTGAGTGTGTGCGTG,GGTGAATGAGTGTGTGCGTG,0
HEK293_site1,GAGTCCGAGCAGAAGAAGAA,GAGTCCGAGCAGAAGAAGAA,1
HEK293_site1,GAGTCCGAGCAGAAGAAGAA,AAGTCCGAGCAGAAGAAGAA,1
HEK293_site1,GAGTCCGAGCAGAAGAAGAA,GAGTCCGAGCAGAAGAAGAC,0
HEK293_site1,GAGTCCGAGCAGAAGAAGAA,GAGTCCGAGCAGAAGAATAA,0
HEK293_site2,GGCACTGCGGCTGGAGGTGG,GGCACTGCGGCTGGAGGTGG,1
HEK293_site2,GGCACTGCGGCTGGAGGTGG,AGCACTGCGGCTGGAGGTGG,1
HEK293_site2,GGCACTGCGGCTGGAGGTGG,GGCACTGCGGCTGGAGGTAG,0
HEK293_site2,GGCACTGCGGCTGGAGGTGG,GGCACTGCGGCTGGAGCTGG,0
HEK293_site3,GCACTGCGGCTGGAGGTGGG,GCACTGCGGCTGGAGGTGGG,1
HEK293_site3,GCACTGCGGCTGGAGGTGGG,ACACTGCGGCTGGAGGTGGG,1
HEK293_site3,GCACTGCGGCTGGAGGTGGG,GCACTGCGGCTGGAGGTGAG,0
HEK293_site3,GCACTGCGGCTGGAGGTGGG,GCACTGCGGCTGCAGGTGGG,0
HEK293_site4,GGGGCCACTAGGGACAGGAT,GGGGCCACTAGGGACAGGAT,1
HEK293_site4,GGGGCCACTAGGGACAGGAT,AGGGCCACTAGGGACAGGAT,1
HEK293_site4,GGGGCCACTAGGGACAGGAT,GGGGCCACTAGGGACAGAAT,0
HEK293_site4,GGGGCCACTAGGGACAGGAT,GGGGCCACTAGGGACAGGAC,0
EMX1,GAGTCCGAGCAGAAGAAGAA,GAGTCCGAGCAGAAGAAGAA,1
EMX1,GAGTCCGAGCAGAAGAAGAA,TAGTCCGAGCAGAAGAAGAA,1
EMX1,GAGTCCGAGCAGAAGAAGAA,GAGTCCGAGCAGAAGAAGTA,1
EMX1,GAGTCCGAGCAGAAGAAGAA,GAGTCCGAGCAGAACAAGAA,0
EMX1,GAGTCCGAGCAGAAGAAGAA,GAGTCCGAGCAGAAGAATAA,0
EMX1,GAGTCCGAGCAGAAGAAGAA,GAGTCCAAGCAGAAGAAGAA,0
FANCF,GGAATCCCTTCTGCAGCACC,GGAATCCCTTCTGCAGCACC,1
FANCF,GGAATCCCTTCTGCAGCACC,AGAATCCCTTCTGCAGCACC,1
FANCF,GGAATCCCTTCTGCAGCACC,GGAATCCCTTCTGCAGCAAC,0
FANCF,GGAATCCCTTCTGCAGCACC,GGAATCCCTTCTGCATCACC,0
FANCF,GGAATCCCTTCTGCAGCACC,GGAATCCCTTCTGCAGCACC,0
FANCF,GGAATCCCTTCTGCAGCACC,GGAATCCCTTCAGCAGCACC,0
RNF2,GTGGCCGATGGGCTGCGCTG,GTGGCCGATGGGCTGCGCTG,1
RNF2,GTGGCCGATGGGCTGCGCTG,ATGGCCGATGGGCTGCGCTG,1
RNF2,GTGGCCGATGGGCTGCGCTG,GTGGCCGATGGGCTGCGCAG,0
RNF2,GTGGCCGATGGGCTGCGCTG,GTGGCCGATGGGCTGCACTG,0
RNF2,GTGGCCGATGGGCTGCGCTG,GTGGCCGATGGGCAGCGCTG,0
RNF2,GTGGCCGATGGGCTGCGCTG,GTGGCCGATGGGCTGcgctg,0
