guide_name,guide_seq,dna_seq,label,n_mismatches,mismatch_positions
VEGFA_site1,GGGTGGGGGGAGTTTGCTCC,GGGTGGGGGGAGTTTGCTCC,1,0,[]
VEGFA_site1,GGGTGGGGGGAGTTTGCTCC,GAGTGGGGGGAGTTTGCTCC,1,1,[1]
VEGFA_site1,GGGTGGGGGGAGTTTGCTCC,GGGTGGGGGGAGTTTGCTCA,1,1,[19]
VEGFA_site1,GGGTGGGGGGAGTTTGCTCC,GGGTGGGGGCAGTTTGCTCC,1,1,[9]
VEGFA_site1,GGGTGGGGGGAGTTTGCTCC,AGGTGGGGGGAGTTTGCTCC,1,1,[0]
VEGFA_site1,GGGTGGGGGGAGTTTGCTCC,GGGTGGGGGGAGTATGCTCC,0,1,[13]
VEGFA_site1,GGGTGGGGGGAGTTTGCTCC,GCGTGGGGGGAGTTTGCTCC,0,1,[1]
VEGFA_site1,GGGTGGGGGGAGTTTGCTCC,GGGTGGGGGGAGTTTGCACC,0,1,[17]
VEGFA_site2,GACCCCCTCCACCCCGCCTC,GACCCCCTCCACCCCGCCTC,1,0,[]
VEGFA_site2,GACCCCCTCCACCCCGCCTC,AACCCCCTCCACCCCGCCTC,1,1,[0]
VEGFA_site2,GACCCCCTCCACCCCGCCTC,GACCCCCTCCACCCCGCATC,0,1,[17]
VEGFA_site2,GACCCCCTCCACCCCGCCTC,GACCCCCACCACCCCGCCTC,0,1,[7]
VEGFA_site2,GACCCCCTCCACCCCGCCTC,GACCCCCTCCACCCCACCTC,0,1,[15]
VEGFA_site2,GACCCCCTCCACCCCGCCTC,GACCCCCTCCGCCCCGCCTC,0,1,[10]
VEGFA_site3,GGTGAGTGAGTGTGTGCGTG,GGTGAGTGAGTGTGTGCGTG,1,0,[]
VEGFA_site3,GGTGAGTGAGTGTGTGCGTG,AGTGAGTGAGTGTGTGCGTG,1,1,[0]
VEGFA_site3,GGTGAGTGAGTGTGTGCGTG,GGTGAGTGAGTGTGAGCGTG,1,1,[14]
VEGFA_site3,GGTGAGTGAGTGTGTGCGTG,GGTGAGTGAGTGTGTGCATG,0,1,[17]
VEGFA_site3,GGTGAGTGAGTGTGTGCGTG,GGTGAGTGAGTGTGTACGTG,0,1,[15]
VEGFA_site3,GGTGAGTGAGTGTGTGCGTG,GGTGAATGAGTGTGTGCGTG,0,1,[5]
HEK293_site1,GAGTCCGAGCAGAAGAAGAA,GAGTCCGAGCAGAAGAAGAA,1,0,[]
HEK293_site1,GAGTCCGAGCAGAAGAAGAA,AAGTCCGAGCAGAAGAAGAA,1,1,[0]
HEK293_site1,GAGTCCGAGCAGAAGAAGAA,GAGTCCGAGCAGAAGAAGAC,0,1,[19]
HEK293_site1,GAGTCCGAGCAGAAGAAGAA,GAGTCCGAGCAGAAGAATAA,0,1,[17]
HEK293_site2,GGCACTGCGGCTGGAGGTGG,GGCACTGCGGCTGGAGGTGG,1,0,[]
HEK293_site2,GGCACTGCGGCTGGAGGTGG,AGCACTGCGGCTGGAGGTGG,1,1,[0]
HEK293_site2,GGCACTGCGGCTGGAGGTGG,GGCACTGCGGCTGGAGGTAG,0,1,[18]
HEK293_site2,GGCACTGCGGCTGGAGGTGG,GGCACTGCGGCTGGAGCTGG,0,1,[16]
HEK293_site3,GCACTGCGGCTGGAGGTGGG,GCACTGCGGCTGGAGGTGGG,1,0,[]
HEK293_site3,GCACTGCGGCTGGAGGTGGG,ACACTGCGGCTGGAGGTGGG,1,1,[0]
HEK293_site3,GCACTGCGGCTGGAGGTGGG,GCACTGCGGCTGGAGGTGAG,0,1,[18]
HEK293_site3,GCACTGCGGCTGGAGGTGGG,GCACTGCGGCTGCAGGTGGG,0,1,[12]
HEK293_site4,GGGGCCACTAGGGACAGGAT,GGGGCCACTAGGGACAGGAT,1,0,[]
HEK293_site4,GGGGCCACTAGGGACAGGAT,AGGGCCACTAGGGACAGGAT,1,1,[0]
HEK293_site4,GGGGCCACTAGGGACAGGAT,GGGGCCACTAGGGACAGAAT,0,1,[17]
HEK293_site4,GGGGCCACTAGGGACAGGAT,GGGGCCACTAGGGACAGGAC,0,1,[19]
EMX1,GAGTCCGAGCAGAAGAAGAA,GAGTCCGAGCAGAAGAAGAA,1,0,[]
EMX1,GAGTCCGAGCAGAAGAAGAA,TAGTCCGAGCAGAAGAAGAA,1,1,[0]
EMX1,GAGTCCGAGCAGAAGAAGAA,GAGTCCGAGCAGAAGAAGTA,1,1,[18]
EMX1,GAGTCCGAGCAGAAGAAGAA,GAGTCCGAGCAGAACAAGAA,0,1,[14]
EMX1,GAGTCCGAGCAGAAGAAGAA,GAGTCCGAGCAGAAGAATAA,0,1,[17]
EMX1,GAGTCCGAGCAGAAGAAGAA,GAGTCCAAGCAGAAGAAGAA,0,1,[6]
FANCF,GGAATCCCTTCTGCAGCACC,GGAATCCCTTCTGCAGCACC,1,0,[]
FANCF,GGAATCCCTTCTGCAGCACC,AGAATCCCTTCTGCAGCACC,1,1,[0]
FANCF,GGAATCCCTTCTGCAGCACC,GGAATCCCTTCTGCAGCAAC,0,1,[18]
FANCF,GGAATCCCTTCTGCAGCACC,GGAATCCCTTCTGCATCACC,0,1,[15]
FANCF,GGAATCCCTTCTGCAGCACC,GGAATCCCTTCTGCAGCACC,0,0,[]
FANCF,GGAATCCCTTCTGCAGCACC,GGAATCCCTTCAGCAGCACC,0,1,[11]
RNF2,GTGGCCGATGGGCTGCGCTG,GTGGCCGATGGGCTGCGCTG,1,0,[]
RNF2,GTGGCCGATGGGCTGCGCTG,ATGGCCGATGGGCTGCGCTG,1,1,[0]
RNF2,GTGGCCGATGGGCTGCGCTG,GTGGCCGATGGGCTGCGCAG,0,1,[18]
RNF2,GTGGCCGATGGGCTGCGCTG,GTGGCCGATGGGCTGCACTG,0,1,[16]
RNF2,GTGGCCGATGGGCTGCGCTG,GTGGCCGATGGGCAGCGCTG,0,1,[13]
RNF2,GTGGCCGATGGGCTGCGCTG,GTGGCCGATGGGCTGCGCTG,0,0,[]
VEGFA_site1_syn,GGGTGGGGGGAGTTTGCTCC,GAGTGGGGGGAGTTTGCTCC,1,1,
VEGFA_site1_syn,GGGTGGGGGGAGTTTGCTCC,GGGTAGGGGGAGTTTGCTCC,1,1,
VEGFA_site1_syn,GGGTGGGGGGAGTTTGCTCC,GGGAGGGGGGAGTTTGCTCC,1,1,
VEGFA_site1_syn,GGGTGGGGGGAGTTTGCTCC,AGATGGGGGGAGTATGCACC,0,4,
VEGFA_site1_syn,GGGTGGGGGGAGTTTGCTCC,CGGTGGCGGGATTTTGCTCG,0,4,
VEGFA_site1_syn,GGGTGGGGGGAGTTTGCTCC,GGGTGGGGAGAGTTTGCTAC,0,2,
VEGFA_site1_syn,GGGTGGGGGGAGTTTGCTCC,GGGTGGTGGGAGTTTGCTCC,1,1,
VEGFA_site1_syn,GGGTGGGGGGAGTTTGCTCC,GGGTAGGGGGAGTTTGCTCC,1,1,
VEGFA_site1_syn,GGGTGGGGGGAGTTTGCTCC,GGGGGGGGGGAGTTTGCTCC,1,1,
VEGFA_site1_syn,GGGTGGGGGGAGTTTGCTCC,GGGTGGGGGGAGGTTGCACC,0,2,
VEGFA_site1_syn,GGGTGGGGGGAGTTTGCTCC,GCGTGGGGTGAGTTTGCTCG,0,3,
VEGFA_site1_syn,GGGTGGGGGGAGTTTGCTCC,GGTTGGGGGGAGTTTGCTGC,0,2,
VEGFA_site1_syn,GGGTGGGGGGAGTTTGCTCC,GGGTGGGGGTAGTTTGCTCC,1,1,
VEGFA_site1_syn,GGGTGGGGGGAGTTTGCTCC,GGGTGGGGGAAGTTTGCTCC,1,1,
VEGFA_site1_syn,GGGTGGGGGGAGTTTGCTCC,GAGTGGGGGGAGTTTGCTCC,1,1,
VEGFA_site1_syn,GGGTGGGGGGAGTTTGCTCC,GGTTGGGGGAAGTGTGCACC,0,4,
VEGFA_site1_syn,GGGTGGGGGGAGTTTGCTCC,GGGTGAGGGGATTTTGCTCT,0,3,
VEGFA_site1_syn,GGGTGGGGGGAGTTTGCTCC,GGATGAGGTGAGTTTGCTGC,0,4,
VEGFA_site1_syn,GGGTGGGGGGAGTTTGCTCC,GGGTGGTGGGAGTTTGCTCC,1,1,
VEGFA_site1_syn,GGGTGGGGGGAGTTTGCTCC,GGGTGGGGAGAGTTTGCTCC,1,1,
VEGFA_site1_syn,GGGTGGGGGGAGTTTGCTCC,GGGTGAGGGGAGTTTGCTCC,1,1,
VEGFA_site1_syn,GGGTGGGGGGAGTTTGCTCC,GGGTGGGGGGGGTTTGCGCC,0,2,
VEGFA_site1_syn,GGGTGGGGGGAGTTTGCTCC,GGGTGGGGGGCGTTTGCACC,0,2,
VEGFA_site1_syn,GGGTGGGGGGAGTTTGCTCC,GGGTAGGGGGAGTTAGCTTC,0,3,
VEGFA_site1_syn,GGGTGGGGGGAGTTTGCTCC,GGGTGGGGCGAGTTTGCTCC,1,1,
VEGFA_site1_syn,GGGTGGGGGGAGTTTGCTCC,GGGTCGGGGGAGTTTGCTCC,1,1,
VEGFA_site1_syn,GGGTGGGGGGAGTTTGCTCC,GGGTGGGGGTAGTTTGCTCC,1,1,
VEGFA_site1_syn,GGGTGGGGGGAGTTTGCTCC,GGATGGGAGGATTTTGCTGC,0,4,
VEGFA_site1_syn,GGGTGGGGGGAGTTTGCTCC,GGGTGTGGGGAGTTTGCCCC,0,2,
VEGFA_site1_syn,GGGTGGGGGGAGTTTGCTCC,GGGTGGGGGCAGCTTGTGCC,0,4,
VEGFA_site1_syn,GGGTGGGGGGAGTTTGCTCC,CGGTGGGGGGAGTTTGCTCC,1,1,
VEGFA_site1_syn,GGGTGGGGGGAGTTTGCTCC,GCGTGGGGGGAGTTTGCTCC,1,1,
VEGFA_site1_syn,GGGTGGGGGGAGTTTGCTCC,GGGTGGGGTGAGTTTGCTCC,1,1,
VEGFA_site1_syn,GGGTGGGGGGAGTTTGCTCC,GGGGGGCGGAAGTTTGCTAC,0,4,
VEGFA_site1_syn,GGGTGGGGGGAGTTTGCTCC,GGGTGTGGCGAGTTTGGTAC,0,4,
VEGFA_site1_syn,GGGTGGGGGGAGTTTGCTCC,GGGTCACGGGAGTTTGCTCA,0,4,
VEGFA_site1_syn,GGGTGGGGGGAGTTTGCTCC,GGGTGGGGGTAGTTTGCTCC,1,1,
VEGFA_site1_syn,GGGTGGGGGGAGTTTGCTCC,GGGTGGGAGGAGTTTGCTCC,1,1,
VEGFA_site1_syn,GGGTGGGGGGAGTTTGCTCC,GTGTGGGGGGAGTTTGCTCC,1,1,
VEGFA_site1_syn,GGGTGGGGGGAGTTTGCTCC,GAGTGGGAGGAGTTTGCCCC,0,3,
VEGFA_site1_syn,GGGTGGGGGGAGTTTGCTCC,GGTTCGGGGGAGTTTGATGC,0,4,
VEGFA_site1_syn,GGGTGGGGGGAGTTTGCTCC,GGGTGGCGGGAGTCTGCTCG,0,3,
VEGFA_site1_syn,GGGTGGGGGGAGTTTGCTCC,GGGCGGGGGGAGTTTGCTCC,1,1,
VEGFA_site1_syn,GGGTGGGGGGAGTTTGCTCC,GGGTTGGGGGAGTTTGCTCC,1,1,
VEGFA_site1_syn,GGGTGGGGGGAGTTTGCTCC,GGGTGTGGGGAGTTTGCTCC,1,1,
VEGFA_site1_syn,GGGTGGGGGGAGTTTGCTCC,GGGGGGGAGGAGTTTGGTAC,0,4,
VEGFA_site1_syn,GGGTGGGGGGAGTTTGCTCC,AAGTGGGCGGAGTTTGCCCC,0,4,
VEGFA_site1_syn,GGGTGGGGGGAGTTTGCTCC,GGGTGGGGGGCGTTTGCACC,0,2,
VEGFA_site2_syn,GACCCCCTCCACCCCGCCTC,GACTCCCTCCACCCCGCCTC,1,1,
VEGFA_site2_syn,GACCCCCTCCACCCCGCCTC,GACCCCCACCACCCCGCCTC,1,1,
VEGFA_site2_syn,GACCCCCTCCACCCCGCCTC,GACCCCCTACACCCCGCCTC,1,1,
VEGFA_site2_syn,GACCCCCTCCACCCCGCCTC,GACCCCCACCACACCTCCTT,0,4,
VEGFA_site2_syn,GACCCCCTCCACCCCGCCTC,GACCCCCTCCACCTCGCCTT,0,2,
VEGFA_site2_syn,GACCCCCTCCACCCCGCCTC,GGCGCCCTCCACCCCGCCAC,0,3,
VEGFA_site2_syn,GACCCCCTCCACCCCGCCTC,GACCCACTCCACCCCGCCTC,1,1,
VEGFA_site2_syn,GACCCCCTCCACCCCGCCTC,GACACCCTCCACCCCGCCTC,1,1,
VEGFA_site2_syn,GACCCCCTCCACCCCGCCTC,GACGCCCTCCACCCCGCCTC,1,1,
VEGFA_site2_syn,GACCCCCTCCACCCCGCCTC,GACCCACTCCACCTCGCTTC,0,3,
VEGFA_site2_syn,GACCCCCTCCACCCCGCCTC,GACGCCCTCCACCCCGCCAC,0,2,
VEGFA_site2_syn,GACCCCCTCCACCCCGCCTC,GATCCCCGCCACCCCGATTC,0,4,
VEGFA_site2_syn,GACCCCCTCCACCCCGCCTC,GACCCCATCCACCCCGCCTC,1,1,
VEGFA_site2_syn,GACCCCCTCCACCCCGCCTC,GATCCCCTCCACCCCGCCTC,1,1,
VEGFA_site2_syn,GACCCCCTCCACCCCGCCTC,TACCCCCTCCACCCCGCCTC,1,1,
VEGFA_site2_syn,GACCCCCTCCACCCCGCCTC,GACCCCCTCGACCGCGCCCC,0,3,
VEGFA_site2_syn,GACCCCCTCCACCCCGCCTC,GACGACCTCCACCCCACCTT,0,4,
VEGFA_site2_syn,GACCCCCTCCACCCCGCCTC,CCCCCCCTCCGCCCCGCCTA,0,4,
VEGFA_site2_syn,GACCCCCTCCACCCCGCCTC,GACCCCCTACACCCCGCCTC,1,1,
VEGFA_site2_syn,GACCCCCTCCACCCCGCCTC,CACCCCCTCCACCCCGCCTC,1,1,
VEGFA_site2_syn,GACCCCCTCCACCCCGCCTC,GTCCCCCTCCACCCCGCCTC,1,1,
VEGFA_site2_syn,GACCCCCTCCACCCCGCCTC,GAACCCCTCCACCCCGCCTG,0,2,
VEGFA_site2_syn,GACCCCCTCCACCCCGCCTC,GGCCCCCACCACCCCGCGTC,0,3,
VEGFA_site2_syn,GACCCCCTCCACCCCGCCTC,GACCCCCTCCCCCCGGACTT,0,4,
VEGFA_site2_syn,GACCCCCTCCACCCCGCCTC,GACCCACTCCACCCCGCCTC,1,1,
VEGFA_site2_syn,GACCCCCTCCACCCCGCCTC,GACCTCCTCCACCCCGCCTC,1,1,
VEGFA_site2_syn,GACCCCCTCCACCCCGCCTC,GAGCCCCTCCACCCCGCCTC,1,1,
VEGFA_site2_syn,GACCCCCTCCACCCCGCCTC,GACCCCCTCCGCCCAGGCAC,0,4,
VEGFA_site2_syn,GACCCCCTCCACCCCGCCTC,GAACCCTTACACCCCGCTTC,0,4,
VEGFA_site2_syn,GACCCCCTCCACCCCGCCTC,GACCCCCTCTACCCCGCCAC,0,2,
VEGFA_site2_syn,GACCCCCTCCACCCCGCCTC,GACCCCCTGCACCCCGCCTC,1,1,
VEGFA_site2_syn,GACCCCCTCCACCCCGCCTC,GACCGCCTCCACCCCGCCTC,1,1,
VEGFA_site2_syn,GACCCCCTCCACCCCGCCTC,GACCCCCTACACCCCGCCTC,1,1,
VEGFA_site2_syn,GACCCCCTCCACCCCGCCTC,GACACCCTCTACCCAGCCTA,0,4,
VEGFA_site2_syn,GACCCCCTCCACCCCGCCTC,GACCACCTGCACCCCGTCTG,0,4,
VEGFA_site2_syn,GACCCCCTCCACCCCGCCTC,GACCCCCTTCACCCCGCCTG,0,2,
VEGFA_site3_syn,GGTGAGTGAGTGTGTGCGTG,GGTGTGTGAGTGTGTGCGTG,1,1,
VEGFA_site3_syn,GGTGAGTGAGTGTGTGCGTG,GCTGAGTGAGTGTGTGCGTG,1,1,
VEGFA_site3_syn,GGTGAGTGAGTGTGTGCGTG,GGTGAGGGAGTGTGTGCGTG,1,1,
VEGFA_site3_syn,GGTGAGTGAGTGTGTGCGTG,GGTGAGTGAGCGTGTGCATG,0,2,
VEGFA_site3_syn,GGTGAGTGAGTGTGTGCGTG,GGTGAGTGAGTGTAAGCCTG,0,3,
VEGFA_site3_syn,GGTGAGTGAGTGTGTGCGTG,GGTGTGTGAGTGTGTGCGTC,0,2,
VEGFA_site3_syn,GGTGAGTGAGTGTGTGCGTG,GGTGACTGAGTGTGTGCGTG,1,1,
VEGFA_site3_syn,GGTGAGTGAGTGTGTGCGTG,GGTGAGTGTGTGTGTGCGTG,1,1,
VEGFA_site3_syn,GGTGAGTGAGTGTGTGCGTG,GGTGAGAGAGTGTGTGCGTG,1,1,
VEGFA_site3_syn,GGTGAGTGAGTGTGTGCGTG,GGTGAGTGAGTTTGTGCGAG,0,2,
VEGFA_site3_syn,GGTGAGTGAGTGTGTGCGTG,GGTGAGTAAGTGTGTGCGTC,0,2,
VEGFA_site3_syn,GGTGAGTGAGTGTGTGCGTG,GGTGTGTGAGTGTATGCGTA,0,3,
VEGFA_site3_syn,GGTGAGTGAGTGTGTGCGTG,GGTGAGAGAGTGTGTGCGTG,1,1,
VEGFA_site3_syn,GGTGAGTGAGTGTGTGCGTG,GGCGAGTGAGTGTGTGCGTG,1,1,
VEGFA_site3_syn,GGTGAGTGAGTGTGTGCGTG,GGTGATTGAGTGTGTGCGTG,1,1,
VEGFA_site3_syn,GGTGAGTGAGTGTGTGCGTG,GGAGAGTAGGTGTGTGCGTC,0,4,
VEGFA_site3_syn,GGTGAGTGAGTGTGTGCGTG,GGTGAGGGAGTGTGAGCTTG,0,3,
VEGFA_site3_syn,GGTGAGTGAGTGTGTGCGTG,GGTGAGGGAGTGTGTGCTTG,0,2,
VEGFA_site3_syn,GGTGAGTGAGTGTGTGCGTG,GGTGTGTGAGTGTGTGCGTG,1,1,
VEGFA_site3_syn,GGTGAGTGAGTGTGTGCGTG,GGTGGGTGAGTGTGTGCGTG,1,1,
VEGFA_site3_syn,GGTGAGTGAGTGTGTGCGTG,GGTGAGTGGGTGTGTGCGTG,1,1,
VEGFA_site3_syn,GGTGAGTGAGTGTGTGCGTG,CTTGAGTGAGAGTGTGCGTT,0,4,
VEGFA_site3_syn,GGTGAGTGAGTGTGTGCGTG,GGTGAGTGAGTGTCTGCTTG,0,2,
VEGFA_site3_syn,GGTGAGTGAGTGTGTGCGTG,GGTAAGTGAGTGTGTGGGGG,0,3,
VEGFA_site3_syn,GGTGAGTGAGTGTGTGCGTG,GGTGTGTGAGTGTGTGCGTG,1,1,
VEGFA_site3_syn,GGTGAGTGAGTGTGTGCGTG,GGTGAGAGAGTGTGTGCGTG,1,1,
VEGFA_site3_syn,GGTGAGTGAGTGTGTGCGTG,GGTGAGTGCGTGTGTGCGTG,1,1,
VEGFA_site3_syn,GGTGAGTGAGTGTGTGCGTG,GGTGAGCGAGTTTGTGGGTA,0,4,
VEGFA_site3_syn,GGTGAGTGAGTGTGTGCGTG,GGTTAGTGACTGTGTGCGTC,0,3,
VEGFA_site3_syn,GGTGAGTGAGTGTGTGCGTG,GGTGAGTGAATGAGTGCGCG,0,3,
VEGFA_site3_syn,GGTGAGTGAGTGTGTGCGTG,GGTGAGCGAGTGTGTGCGTG,1,1,
VEGFA_site3_syn,GGTGAGTGAGTGTGTGCGTG,GGTGAGCGAGTGTGTGCGTG,1,1,
VEGFA_site3_syn,GGTGAGTGAGTGTGTGCGTG,GGCGAGTGAGTGTGTGCGTG,1,1,
VEGFA_site3_syn,GGTGAGTGAGTGTGTGCGTG,TGTGCGTGAGTGAGTGCGGG,0,4,
VEGFA_site3_syn,GGTGAGTGAGTGTGTGCGTG,GGTGAGTCAGCGTGAGCGTT,0,4,
VEGFA_site3_syn,GGTGAGTGAGTGTGTGCGTG,GGCGACTGAGTGTGTGCGTT,0,3,
HEK293_site1_syn,GAGTCCGAGCAGAAGAAGAA,GAGTCCGAGTAGAAGAAGAA,1,1,
HEK293_site1_syn,GAGTCCGAGCAGAAGAAGAA,GTGTCCGAGCAGAAGAAGAA,1,1,
HEK293_site1_syn,GAGTCCGAGCAGAAGAAGAA,GAGTACGAGCAGAAGAAGAA,1,1,
HEK293_site1_syn,GAGTCCGAGCAGAAGAAGAA,AAGTCCGAGCAGAAGAAAAA,0,2,
HEK293_site1_syn,GAGTCCGAGCAGAAGAAGAA,GACTCCGAGCAGAACAAGAG,0,3,
HEK293_site1_syn,GAGTCCGAGCAGAAGAAGAA,GAGTCCGAGCAGGAGAAGAG,0,2,
HEK293_site1_syn,GAGTCCGAGCAGAAGAAGAA,GAGACCGAGCAGAAGAAGAA,1,1,
HEK293_site1_syn,GAGTCCGAGCAGAAGAAGAA,AAGTCCGAGCAGAAGAAGAA,1,1,
HEK293_site1_syn,GAGTCCGAGCAGAAGAAGAA,GAGTCCAAGCAGAAGAAGAA,1,1,
HEK293_site1_syn,GAGTCCGAGCAGAAGAAGAA,GAGTCCGAGCAGAAGATGAG,0,2,
HEK293_site1_syn,GAGTCCGAGCAGAAGAAGAA,GACCCCGAGCAGAACAATAA,0,4,
HEK293_site1_syn,GAGTCCGAGCAGAAGAAGAA,GAGTCCGAGCAGATTCAGCA,0,4,
HEK293_site1_syn,GAGTCCGAGCAGAAGAAGAA,GAGTCCGGGCAGAAGAAGAA,1,1,
HEK293_site1_syn,GAGTCCGAGCAGAAGAAGAA,GAGTACGAGCAGAAGAAGAA,1,1,
HEK293_site1_syn,GAGTCCGAGCAGAAGAAGAA,GAGTGCGAGCAGAAGAAGAA,1,1,
HEK293_site1_syn,GAGTCCGAGCAGAAGAAGAA,GAGTCCGTCCAGAAGAAGAG,0,3,
HEK293_site1_syn,GAGTCCGAGCAGAAGAAGAA,GAGTCCGACCTGAAGAATAA,0,3,
HEK293_site1_syn,GAGTCCGAGCAGAAGAAGAA,GAGTCCGCGCAGAAGAATAA,0,2,
HEK293_site1_syn,GAGTCCGAGCAGAAGAAGAA,GACTCCGAGCAGAAGAAGAA,1,1,
HEK293_site1_syn,GAGTCCGAGCAGAAGAAGAA,GAGACCGAGCAGAAGAAGAA,1,1,
HEK293_site1_syn,GAGTCCGAGCAGAAGAAGAA,GAGTCCTAGCAGAAGAAGAA,1,1,
HEK293_site1_syn,GAGTCCGAGCAGAAGAAGAA,GAGTCCGAGCAGAGAAAGAT,0,3,
HEK293_site1_syn,GAGTCCGAGCAGAAGAAGAA,AAGTCCGAGCAGGAGAAGAG,0,3,
HEK293_site1_syn,GAGTCCGAGCAGAAGAAGAA,GAGTCCGGGCAGATGAAGGA,0,3,
HEK293_site2_syn,GGCACTGCGGCTGGAGGTGG,GGCACTTCGGCTGGAGGTGG,1,1,
HEK293_site2_syn,GGCACTGCGGCTGGAGGTGG,TGCACTGCGGCTGGAGGTGG,1,1,
HEK293_site2_syn,GGCACTGCGGCTGGAGGTGG,GGCACCGCGGCTGGAGGTGG,1,1,
HEK293_site2_syn,GGCACTGCGGCTGGAGGTGG,GGCACCGCGGCTGGCAGTAG,0,4,
HEK293_site2_syn,GGCACTGCGGCTGGAGGTGG,TGAACTGCGGCTGGAGGTGC,0,3,
HEK293_site2_syn,GGCACTGCGGCTGGAGGTGG,GTCACTGCAGCTGGAGGGGG,0,3,
HEK293_site2_syn,GGCACTGCGGCTGGAGGTGG,GGCACTGTGGCTGGAGGTGG,1,1,
HEK293_site2_syn,GGCACTGCGGCTGGAGGTGG,GGCACGGCGGCTGGAGGTGG,1,1,
HEK293_site2_syn,GGCACTGCGGCTGGAGGTGG,GGCATTGCGGCTGGAGGTGG,1,1,
HEK293_site2_syn,GGCACTGCGGCTGGAGGTGG,AGCACTGCGGCTGGACGCGG,0,3,
HEK293_site2_syn,GGCACTGCGGCTGGAGGTGG,GAAACTGCGGCTGGAGGAGG,0,3,
HEK293_site2_syn,GGCACTGCGGCTGGAGGTGG,GGCAATGCGGCTGGAGGTGA,0,2,
HEK293_site2_syn,GGCACTGCGGCTGGAGGTGG,GGCACTGGGGCTGGAGGTGG,1,1,
HEK293_site2_syn,GGCACTGCGGCTGGAGGTGG,GCCACTGCGGCTGGAGGTGG,1,1,
HEK293_site2_syn,GGCACTGCGGCTGGAGGTGG,GGCGCTGCGGCTGGAGGTGG,1,1,
HEK293_site2_syn,GGCACTGCGGCTGGAGGTGG,GGCACCGCGACCGGAGGTCG,0,4,
HEK293_site2_syn,GGCACTGCGGCTGGAGGTGG,GGCTCTGCGGCTGGAGGTCG,0,2,
HEK293_site2_syn,GGCACTGCGGCTGGAGGTGG,GGCACTGCGGCTAGAGATGC,0,3,
HEK293_site2_syn,GGCACTGCGGCTGGAGGTGG,GGCACTGCGCCTGGAGGTGG,1,1,
HEK293_site2_syn,GGCACTGCGGCTGGAGGTGG,GGCTCTGCGGCTGGAGGTGG,1,1,
HEK293_site2_syn,GGCACTGCGGCTGGAGGTGG,GGCAGTGCGGCTGGAGGTGG,1,1,
HEK293_site2_syn,GGCACTGCGGCTGGAGGTGG,GCCACTGCAGCGGGAGGGGG,0,4,
HEK293_site2_syn,GGCACTGCGGCTGGAGGTGG,AGCACTGCGGTTGTAGGTGT,0,4,
HEK293_site2_syn,GGCACTGCGGCTGGAGGTGG,GGCAGTGCGGCTGGTGGTGT,0,3,
HEK293_site3_syn,GCACTGCGGCTGGAGGTGGG,GCACTGCGCCTGGAGGTGGG,1,1,
HEK293_site3_syn,GCACTGCGGCTGGAGGTGGG,GCACCGCGGCTGGAGGTGGG,1,1,
HEK293_site3_syn,GCACTGCGGCTGGAGGTGGG,GCACTGCGTCTGGAGGTGGG,1,1,
HEK293_site3_syn,GCACTGCGGCTGGAGGTGGG,GCACTGCGACGGGAGGTGAG,0,3,
HEK293_site3_syn,GCACTGCGGCTGGAGGTGGG,GCACTGCGGCTGTAAGTTGG,0,3,
HEK293_site3_syn,GCACTGCGGCTGGAGGTGGG,GCACTGTGGCTGGAGTTTGG,0,3,
HEK293_site3_syn,GCACTGCGGCTGGAGGTGGG,GCACCGCGGCTGGAGGTGGG,1,1,
HEK293_site3_syn,GCACTGCGGCTGGAGGTGGG,GCACCGCGGCTGGAGGTGGG,1,1,
HEK293_site3_syn,GCACTGCGGCTGGAGGTGGG,CCACTGCGGCTGGAGGTGGG,1,1,
HEK293_site3_syn,GCACTGCGGCTGGAGGTGGG,GCACTGCTGCTGGAGGTCGG,0,2,
HEK293_site3_syn,GCACTGCGGCTGGAGGTGGG,GCACTGCCGCTGGAGTTGGC,0,3,
HEK293_site3_syn,GCACTGCGGCTGGAGGTGGG,GCGCTGCGGGTGGAGGTAGG,0,3,
HEK293_site3_syn,GCACTGCGGCTGGAGGTGGG,GCATTGCGGCTGGAGGTGGG,1,1,
HEK293_site3_syn,GCACTGCGGCTGGAGGTGGG,GCACTGCGGTTGGAGGTGGG,1,1,
HEK293_site3_syn,GCACTGCGGCTGGAGGTGGG,GCACTGCCGCTGGAGGTGGG,1,1,
HEK293_site3_syn,GCACTGCGGCTGGAGGTGGG,GCACTTCGGCGGGGGGTGCG,0,4,
HEK293_site3_syn,GCACTGCGGCTGGAGGTGGG,GCAATGGGGCTGGAGGTTGG,0,3,
HEK293_site3_syn,GCACTGCGGCTGGAGGTGGG,GCAGTTTGGCTGGAGGTGGC,0,4,
HEK293_site3_syn,GCACTGCGGCTGGAGGTGGG,GCACTGCGGGTGGAGGTGGG,1,1,
HEK293_site3_syn,GCACTGCGGCTGGAGGTGGG,GCACTGCGGTTGGAGGTGGG,1,1,
HEK293_site3_syn,GCACTGCGGCTGGAGGTGGG,GAACTGCGGCTGGAGGTGGG,1,1,
HEK293_site3_syn,GCACTGCGGCTGGAGGTGGG,GCACTCCGGCTAGAGGTTGG,0,3,
HEK293_site3_syn,GCACTGCGGCTGGAGGTGGG,AGACTGCGTCTGGAGGTCGG,0,4,
HEK293_site3_syn,GCACTGCGGCTGGAGGTGGG,TCATTGCGGTTGGAGGTGTG,0,4,
HEK293_site4_syn,GGGGCCACTAGGGACAGGAT,GGGGCAACTAGGGACAGGAT,1,1,
HEK293_site4_syn,GGGGCCACTAGGGACAGGAT,TGGGCCACTAGGGACAGGAT,1,1,
HEK293_site4_syn,GGGGCCACTAGGGACAGGAT,GGGGCCAATAGGGACAGGAT,1,1,
HEK293_site4_syn,GGGGCCACTAGGGACAGGAT,GGGGCCACTAGGGACCGGTT,0,2,
HEK293_site4_syn,GGGGCCACTAGGGACAGGAT,GTAGACACTAGGGACAGGAC,0,4,
HEK293_site4_syn,GGGGCCACTAGGGACAGGAT,GGGGCCACTAGGGCCAGGAC,0,2,
HEK293_site4_syn,GGGGCCACTAGGGACAGGAT,GGGGCCACTTGGGACAGGAT,1,1,
HEK293_site4_syn,GGGGCCACTAGGGACAGGAT,GGGGCCACGAGGGACAGGAT,1,1,
HEK293_site4_syn,GGGGCCACTAGGGACAGGAT,GGGGCCATTAGGGACAGGAT,1,1,
HEK293_site4_syn,GGGGCCACTAGGGACAGGAT,GGGGCCACTTGGGCCAGGAC,0,3,
HEK293_site4_syn,GGGGCCACTAGGGACAGGAT,GGGTCCCCTAAGGACAGGAA,0,4,
HEK293_site4_syn,GGGGCCACTAGGGACAGGAT,GGGGCAACTAGGGACAGCAT,0,2,
HEK293_site4_syn,GGGGCCACTAGGGACAGGAT,GGAGCCACTAGGGACAGGAT,1,1,
HEK293_site4_syn,GGGGCCACTAGGGACAGGAT,GGGGCCGCTAGGGACAGGAT,1,1,
HEK293_site4_syn,GGGGCCACTAGGGACAGGAT,GGGGCCACTGGGGACAGGAT,1,1,
HEK293_site4_syn,GGGGCCACTAGGGACAGGAT,GGGGCCATTCGGGACAGCAT,0,3,
HEK293_site4_syn,GGGGCCACTAGGGACAGGAT,GGGGCCAGCAGGGACAGCAT,0,3,
HEK293_site4_syn,GGGGCCACTAGGGACAGGAT,GGGACCACTAGGGACAGGCT,0,2,
HEK293_site4_syn,GGGGCCACTAGGGACAGGAT,GGTGCCACTAGGGACAGGAT,1,1,
HEK293_site4_syn,GGGGCCACTAGGGACAGGAT,GGAGCCACTAGGGACAGGAT,1,1,
HEK293_site4_syn,GGGGCCACTAGGGACAGGAT,AGGGCCACTAGGGACAGGAT,1,1,
HEK293_site4_syn,GGGGCCACTAGGGACAGGAT,GGGGCCACTGGGGAGAGGAA,0,3,
HEK293_site4_syn,GGGGCCACTAGGGACAGGAT,GGGGCCACGAGGCACAGGAC,0,3,
HEK293_site4_syn,GGGGCCACTAGGGACAGGAT,GTGGCCACTAGGGCCAGCAT,0,3,
EMX1_syn,GAGTCCGAGCAGAAGAAGAA,GAGTACGAGCAGAAGAAGAA,1,1,
EMX1_syn,GAGTCCGAGCAGAAGAAGAA,GTGTCCGAGCAGAAGAAGAA,1,1,
EMX1_syn,GAGTCCGAGCAGAAGAAGAA,GAGTCCGAGGAGAAGAAGAA,1,1,
EMX1_syn,GAGTCCGAGCAGAAGAAGAA,GAGTCCGAACAGAAGAAGAC,0,2,
EMX1_syn,GAGTCCGAGCAGAAGAAGAA,GAGTCCGAGCAGAAGAGGCA,0,2,
EMX1_syn,GAGTCCGAGCAGAAGAAGAA,GAGTCCGAGCAGAGGGAAAA,0,3,
EMX1_syn,GAGTCCGAGCAGAAGAAGAA,GAGTCCTAGCAGAAGAAGAA,1,1,
EMX1_syn,GAGTCCGAGCAGAAGAAGAA,GAGTCGGAGCAGAAGAAGAA,1,1,
EMX1_syn,GAGTCCGAGCAGAAGAAGAA,GTGTCCGAGCAGAAGAAGAA,1,1,
EMX1_syn,GAGTCCGAGCAGAAGAAGAA,GAGTCCGAGGAGAAGGAGCA,0,3,
EMX1_syn,GAGTCCGAGCAGAAGAAGAA,GATTCCGAGCAGAAGAAGGA,0,2,
EMX1_syn,GAGTCCGAGCAGAAGAAGAA,TAGTCCGAGCAGCAGAACAA,0,3,
EMX1_syn,GAGTCCGAGCAGAAGAAGAA,GAGTCCAAGCAGAAGAAGAA,1,1,
EMX1_syn,GAGTCCGAGCAGAAGAAGAA,GAGCCCGAGCAGAAGAAGAA,1,1,
EMX1_syn,GAGTCCGAGCAGAAGAAGAA,GAGTCGGAGCAGAAGAAGAA,1,1,
EMX1_syn,GAGTCCGAGCAGAAGAAGAA,GCGTCCGAGCAGAATAAGAT,0,3,
EMX1_syn,GAGTCCGAGCAGAAGAAGAA,GAGTCCGAGCAGAATAAGCA,0,2,
EMX1_syn,GAGTCCGAGCAGAAGAAGAA,GAGTCCGTGCAGAAGAACAA,0,2,
EMX1_syn,GAGTCCGAGCAGAAGAAGAA,GAGTGCGAGCAGAAGAAGAA,1,1,
EMX1_syn,GAGTCCGAGCAGAAGAAGAA,CAGTCCGAGCAGAAGAAGAA,1,1,
EMX1_syn,GAGTCCGAGCAGAAGAAGAA,GAGTCCAAGCAGAAGAAGAA,1,1,
EMX1_syn,GAGTCCGAGCAGAAGAAGAA,GAGTCCGAGCAGAACAAAAA,0,2,
EMX1_syn,GAGTCCGAGCAGAAGAAGAA,GAGTCCGAGGAGAAGAAGCA,0,2,
EMX1_syn,GAGTCCGAGCAGAAGAAGAA,GAGTCCGAGCAGAAGGCGTA,0,3,
EMX1_syn,GAGTCCGAGCAGAAGAAGAA,GATTCCGAGCAGAAGAAGAA,1,1,
EMX1_syn,GAGTCCGAGCAGAAGAAGAA,GAGCCCGAGCAGAAGAAGAA,1,1,
EMX1_syn,GAGTCCGAGCAGAAGAAGAA,GAGTCCGACCAGAAGAAGAA,1,1,
EMX1_syn,GAGTCCGAGCAGAAGAAGAA,GAGTCCGATCAGAAGAATAA,0,2,
EMX1_syn,GAGTCCGAGCAGAAGAAGAA,CAGTCCGAGGACAAGAAGGA,0,4,
EMX1_syn,GAGTCCGAGCAGAAGAAGAA,GAGTCCGAGCAGAATCATAA,0,3,
EMX1_syn,GAGTCCGAGCAGAAGAAGAA,GAGTCCGATCAGAAGAAGAA,1,1,
EMX1_syn,GAGTCCGAGCAGAAGAAGAA,GAGTCCGGGCAGAAGAAGAA,1,1,
EMX1_syn,GAGTCCGAGCAGAAGAAGAA,GAGCCCGAGCAGAAGAAGAA,1,1,
EMX1_syn,GAGTCCGAGCAGAAGAAGAA,GAGTCCGAGCAGGAGAAGAT,0,2,
EMX1_syn,GAGTCCGAGCAGAAGAAGAA,GAGTCCGAGCAGAAGGAGCA,0,2,
EMX1_syn,GAGTCCGAGCAGAAGAAGAA,GAGTACGAGCAGAAGCAGAT,0,3,
FANCF_syn,GGAATCCCTTCTGCAGCACC,GGAATCCCTGCTGCAGCACC,1,1,
FANCF_syn,GGAATCCCTTCTGCAGCACC,GTAATCCCTTCTGCAGCACC,1,1,
FANCF_syn,GGAATCCCTTCTGCAGCACC,GCAATCCCTTCTGCAGCACC,1,1,
FANCF_syn,GGAATCCCTTCTGCAGCACC,GGAAACCCTTCTGAAGCCCC,0,3,
FANCF_syn,GGAATCCCTTCTGCAGCACC,GGAATCCCTTATTCAGCAGC,0,3,
FANCF_syn,GGAATCCCTTCTGCAGCACC,GGAATCCCTTGTTCAACACG,0,4,
FANCF_syn,GGAATCCCTTCTGCAGCACC,GGAATCCCTACTGCAGCACC,1,1,
FANCF_syn,GGAATCCCTTCTGCAGCACC,GGACTCCCTTCTGCAGCACC,1,1,
FANCF_syn,GGAATCCCTTCTGCAGCACC,GGAAACCCTTCTGCAGCACC,1,1,
FANCF_syn,GGAATCCCTTCTGCAGCACC,GGATTCCCTTCTTGAGCCCC,0,4,
FANCF_syn,GGAATCCCTTCTGCAGCACC,GGAATCCCTACTGCAGCACA,0,2,
FANCF_syn,GGAATCCCTTCTGCAGCACC,GGAATCCCTGCAGCAGCGCC,0,3,
FANCF_syn,GGAATCCCTTCTGCAGCACC,GGACTCCCTTCTGCAGCACC,1,1,
FANCF_syn,GGAATCCCTTCTGCAGCACC,GGAATCGCTTCTGCAGCACC,1,1,
FANCF_syn,GGAATCCCTTCTGCAGCACC,GGTATCCCTTCTGCAGCACC,1,1,
FANCF_syn,GGAATCCCTTCTGCAGCACC,GGAATCCCTTCTCCAGCCCC,0,2,
FANCF_syn,GGAATCCCTTCTGCAGCACC,GGAAGCCCTTCTGCAGCAAC,0,2,
FANCF_syn,GGAATCCCTTCTGCAGCACC,GGAATCCCGTGTGCGGCAAC,0,4,
FANCF_syn,GGAATCCCTTCTGCAGCACC,GGAATCCCATCTGCAGCACC,1,1,
FANCF_syn,GGAATCCCTTCTGCAGCACC,GTAATCCCTTCTGCAGCACC,1,1,
FANCF_syn,GGAATCCCTTCTGCAGCACC,GGAATGCCTTCTGCAGCACC,1,1,
FANCF_syn,GGAATCCCTTCTGCAGCACC,GGAATCCCATCTGTAGCACT,0,3,
FANCF_syn,GGAATCCCTTCTGCAGCACC,GGACTCCTTTCTGCAGCATC,0,3,
FANCF_syn,GGAATCCCTTCTGCAGCACC,TGAATCCCTGCTGAAGCAGC,0,4,
FANCF_syn,GGAATCCCTTCTGCAGCACC,GGAATCCCTCCTGCAGCACC,1,1,
FANCF_syn,GGAATCCCTTCTGCAGCACC,CGAATCCCTTCTGCAGCACC,1,1,
FANCF_syn,GGAATCCCTTCTGCAGCACC,GGAATCCTTTCTGCAGCACC,1,1,
FANCF_syn,GGAATCCCTTCTGCAGCACC,GGAATCCCTTCCGCAGCACA,0,2,
FANCF_syn,GGAATCCCTTCTGCAGCACC,GGAATCCCCTCTGCAGCACG,0,2,
FANCF_syn,GGAATCCCTTCTGCAGCACC,GGATCCCCTTCTGCGGCACG,0,4,
FANCF_syn,GGAATCCCTTCTGCAGCACC,GGAATCCATTCTGCAGCACC,1,1,
FANCF_syn,GGAATCCCTTCTGCAGCACC,GGAATCCCTGCTGCAGCACC,1,1,
FANCF_syn,GGAATCCCTTCTGCAGCACC,GGTATCCCTTCTGCAGCACC,1,1,
FANCF_syn,GGAATCCCTTCTGCAGCACC,GGAATGCCTTCTGAAGCAAC,0,3,
FANCF_syn,GGAATCCCTTCTGCAGCACC,GGAATCCCGTCTGCAGTACA,0,3,
FANCF_syn,GGAATCCCTTCTGCAGCACC,GGATTCCCTTATGCAGCACT,0,3,
RNF2_syn,GTGGCCGATGGGCTGCGCTG,GTGCCCGATGGGCTGCGCTG,1,1,
RNF2_syn,GTGGCCGATGGGCTGCGCTG,GTGGCCCATGGGCTGCGCTG,1,1,
RNF2_syn,GTGGCCGATGGGCTGCGCTG,GTGGCAGATGGGCTGCGCTG,1,1,
RNF2_syn,GTGGCCGATGGGCTGCGCTG,GTGCCCGAGGGGCTGCGTTG,0,3,
RNF2_syn,GTGGCCGATGGGCTGCGCTG,GTGGCCGAGGGGACGCGCTC,0,4,
RNF2_syn,GTGGCCGATGGGCTGCGCTG,CTGGCCGATGGGCTGCGCCG,0,2,
RNF2_syn,GTGGCCGATGGGCTGCGCTG,GTGGCGGATGGGCTGCGCTG,1,1,
RNF2_syn,GTGGCCGATGGGCTGCGCTG,GTGCCCGATGGGCTGCGCTG,1,1,
RNF2_syn,GTGGCCGATGGGCTGCGCTG,GCGGCCGATGGGCTGCGCTG,1,1,
RNF2_syn,GTGGCCGATGGGCTGCGCTG,GTGGCCGATAGGCAGCGCTA,0,3,
RNF2_syn,GTGGCCGATGGGCTGCGCTG,GTGGCCGATGGGCTGAGCAG,0,2,
RNF2_syn,GTGGCCGATGGGCTGCGCTG,GTGGTCGATGGGCTGCGCTT,0,2,
RNF2_syn,GTGGCCGATGGGCTGCGCTG,GTGGCGGATGGGCTGCGCTG,1,1,
RNF2_syn,GTGGCCGATGGGCTGCGCTG,GTGGCCGAGGGGCTGCGCTG,1,1,
RNF2_syn,GTGGCCGATGGGCTGCGCTG,GTGGCCGATCGGCTGCGCTG,1,1,
RNF2_syn,GTGGCCGATGGGCTGCGCTG,GTGTCCGATGGGCCGCTTTG,0,4,
RNF2_syn,GTGGCCGATGGGCTGCGCTG,GTGGCCGATGGTCTGCGCTA,0,2,
RNF2_syn,GTGGCCGATGGGCTGCGCTG,GTGCCCGATGGTCTGCGGTG,0,3,
RNF2_syn,GTGGCCGATGGGCTGCGCTG,GTGGCAGATGGGCTGCGCTG,1,1,
RNF2_syn,GTGGCCGATGGGCTGCGCTG,GTGGCCTATGGGCTGCGCTG,1,1,
RNF2_syn,GTGGCCGATGGGCTGCGCTG,GTGACCGATGGGCTGCGCTG,1,1,
RNF2_syn,GTGGCCGATGGGCTGCGCTG,ATGGCCTATGGGCTGCGATG,0,3,
RNF2_syn,GTGGCCGATGGGCTGCGCTG,GTGGCCCATGGGCTGCGCTA,0,2,
RNF2_syn,GTGGCCGATGGGCTGCGCTG,GTGGCCTATGGGCTGCGCTA,0,2,
RNF2_syn,GTGGCCGATGGGCTGCGCTG,GTCGCCGATGGGCTGCGCTG,1,1,
RNF2_syn,GTGGCCGATGGGCTGCGCTG,TTGGCCGATGGGCTGCGCTG,1,1,
RNF2_syn,GTGGCCGATGGGCTGCGCTG,GTAGCCGATGGGCTGCGCTG,1,1,
RNF2_syn,GTGGCCGATGGGCTGCGCTG,GTGACAGATGTGCTGCGCAG,0,4,
RNF2_syn,GTGGCCGATGGGCTGCGCTG,GTGGCCGATGAGCTGCGCTA,0,2,
RNF2_syn,GTGGCCGATGGGCTGCGCTG,GTGGACGATGGGCCGCGGTG,0,3,
RNF2_syn,GTGGCCGATGGGCTGCGCTG,GGGGCCGATGGGCTGCGCTG,1,1,
RNF2_syn,GTGGCCGATGGGCTGCGCTG,GTGGCCGGTGGGCTGCGCTG,1,1,
RNF2_syn,GTGGCCGATGGGCTGCGCTG,GTGGCCGACGGGCTGCGCTG,1,1,
RNF2_syn,GTGGCCGATGGGCTGCGCTG,GTGGCCGATGGGCTGCCCAG,0,2,
RNF2_syn,GTGGCCGATGGGCTGCGCTG,GTGGCCGATGGGCTGCTCTT,0,2,
RNF2_syn,GTGGCCGATGGGCTGCGCTG,GGGGCCGATGGGCAGGGTTG,0,4,
